,Unnamed: 0,serie
175,176,Care Bears and Cousins
323,324,Lupin
466,467,Last Chance U
358,359,Who Killed Sara?
442,443,Green Frontier
561,562,History 101
137,138,Neo Yokio
177,178,Lego Bionicle: The Journey to One
312,313,Rhyme Time Town Singalongs
394,395,Suburra: Blood on Rome
53,54,Selena: The Series
1,2,Hemlock Grove
356,357,Daughter From Another Mother
158,159,Levius
319,320,Equinox
261,262,Tiny Pretty Things
159,160,The Disastrous Life of Saiki K.: Reawakened
505,506,Salt Fat Acid Heat
108,109,The Iliza Shlesinger Sketch Show
196,197,True and the Rainbow Kingdom
401,402,Switched
28,29,Chambers
559,560,Coronavirus
366,367,Jinn
104,105,Medical Police
248,249,The Umbrella Academy
24,25,Chilling Adventures of Sabrina
434,435,Wild District
523,524,Street Food: Asia
72,73,GLOW
18,19,Mindhunter
562,563,Jeffrey Epstein: Filthy Rich
584,585,Room 2806: The Accusation
191,192,VeggieTales in the City
55,56,Richie Rich
293,294,Blood of Zeus
371,372,Osmosis
353,354,The Unremarkable Juanquini
17,18,Greenhouse Academy
93,94,Bonding
316,317,City of Ghosts
537,538,Breakfast
464,465,Chelsea Does
302,303,Hilda
285,286,Big Mouth
370,371,Marseille
365,366,Pitta Kathalu
235,236,Mighty Little Bheem: Festival of Colors
166,167,Turbo Fast
361,362,Paava Kadhaigal
516,517,Conversations with a Killer: The Ted Bundy Tapes
521,522,The Disappearance of Madeleine McCann
536,537,Unnatural Selection
294,295,High-Rise Invasion
299,300,Word Party
118,119,Country Comfort
473,474,Hot Girls Wanted: Turned On
414,415,The Ghost Bride
234,235,Glitch Techs
492,493,Girls Incarcerated
499,500,Marching Orders
344,345,Ragnarok
425,426,Reality Z
383,384,The Last Word
135,136,Behind Her Eyes
185,186,Skylanders Academy
481,482,Wormwood
251,252,Raising Dion
126,127,When They See Us
32,33,Wu Assassins
194,195,Spirit Riding Free
289,290,B: The Beginning
313,314,Mighty Little Bheem: Kite Festival
377,378,Dark
542,543,Broken
65,66,Easy
511,512,Sunderland 'Til I Die
238,239,Chico Bon Bon: Monkey with a Tool Belt
418,419,3%
429,430,Ingobernable
507,508,Terrorism Close Calls
346,347,Sintonia
268,269,Shadow and Bone
243,244,Stranger Things
168,169,All Hail King Julien
444,445,Criminal: Spain
127,128,Armistead Maupin's Tales of the City
8,9,Jessica Jones
91,92,No Good Nick
195,196,All Hail King Julien: Exiled
233,234,Kipo and the Age of Wonderbeasts
484,485,The Toys That Made Us
433,434,The House of Flowers
186,187,World of Winx
181,182,Justin Time GO!
275,276,Dead to Me
113,114,Teenage Bounty Hunters
535,536,Living Undocumented
310,311,Mighty Express
490,491,Ugly Delicious
532,533,Happy Jail
504,505,Boca Juniors Confidential
463,464,Making a Murderer
37,38,Soundtrack
282,283,Aunty Donna's Big Ol' House of Fun
395,396,Baby
206,207,Dance & Sing with True
220,221,Carmen Sandiego
486,487,Drug Lords
327,328,Barbarians
51,52,Grand Army
435,436,Diablero
553,554,The Pharmacist
87,88,The Kominsky Method
314,315,Go
274,275,I Think You Should Leave with Tim Robinson
102,103,Astronomy Club: The Sketch Show
145,146,Devilman Crybaby
452,453,The Great Heist
458,459,The Stranded
